Diaz, Miller and Donovan|Argentina|3.05|True
Santiago-Martinez|Russia|22.7|True
Washington and Sons|USA|50.8|False
Montoya, Mcdonald and Johnson|Portugal|39.2|True
Fuller-Murphy|Croatia|40.3|False
Smith, Wagner and Sexton|South Africa|61.5|False
Bishop and Sons|China|52.2|True
Maldonado Ltd|South Africa|85.0|False
Watkins-Wallace|Italy|22.8|False
Fowler, Sharp and Howe|South Africa|55.8|True
Larsen Group|Germany|23.2|True
Miller Inc|New Zealand|95.3|False
Padilla and Sons|Argentina|61.9|True
Jones-Morris|Argentina|63.9|True
Salinas-Shaw|Brazil|44.1|False
Lewis, Kennedy and Yang|China|86.9|False
Nguyen PLC|Moldova|34.1|True
Bowman Inc|Greece|6.8|False
Smith-Rasmussen|Germany|4.0|False
Garcia, Warren and Fields|Russia|20.5|False
Armstrong Group|Romania|99.1|True
Mclean, Hicks and Medina|Brazil|68.0|True
Bautista Group|France|86.9|True
Haas-Powers|Chile|18.9|False
Lee LLC|South Africa|3.12|True
Macias-Simmons|France|26.8|True
Miller and Sons|South Africa|80.7|True
Miller-Foster|Croatia|84.1|True
Olson, Wright and Duncan|Brazil|59.4|True
Miller-Brooks|Austria|49.7|True
Bryant LLC|Portugal|62.6|False
Moore PLC|Moldova|73.4|True
Woods, Baker and Meyer|Austria|17.6|True
Hill, Soto and Ball|Bulgaria|91.2|True
Moore-Stokes|Chile|70.8|True
Vega, Collins and Perez|Austria|94.6|True
Harrington, Villanueva and Powers|Romania|84.7|True
Barnett, Richardson and Webb|Argentina|38.7|True
Stark-Gonzalez|Greece|83.5|False
Avery, Kline and Branch|South Africa|54.8|True
May-Price|Australia|10.4|True
Williams-Nunez|Romania|27.1|True
Bennett, Watkins and Lawson|Romania|74.5|True
Lopez-Daniels|Argentina|94.0|True
Crawford and Sons|Romania|93.7|False
Tran, Gonzales and Davis|Bulgaria|64.9|False
Lewis-Silva|Brazil|17.2|False
Taylor Ltd|New Zealand|82.6|True
Wright, Hawkins and Webb|South Africa|15.9|True
Thompson PLC|South Africa|86.6|True
Lara, Nielsen and Bush|France|69.0|False
Herman-Howard|Italy|71.6|True
Campos, Lindsey and Byrd|Brazil|45.6|True
Sanchez and Sons|France|37.3|True
Garza LLC|Hungary|30.1|False
Anderson-Acosta|Austria|22.3|False
Morrison, Ellis and Wallace|New Zealand|62.5|False
Ramirez Ltd|China|19.6|False
Lynch, Stanton and Lee|USA|81.6|True
Garrison Ltd|Germany|57.3|False
Burton-Holland|Greece|7.37|False
Williams-Walters|Romania|54.6|True
Conner Inc|South Africa|35.6|True
Murillo, Armstrong and Blair|China|93.4|False
Anderson, Rodriguez and Gentry|Italy|91.8|False
Molina Inc|China|8.9|True
Brady, Price and Sanders|Romania|71.0|True
Braun, Dennis and Johnson|Argentina|12.1|True
Grant, Ford and Murray|Spain|76.0|True
Riley-Lang|South Africa|8.94|True
Robinson, Stephens and Hartman|Hungary|97.4|True
Weaver-Conrad|France|64.3|True
Walker, Rodriguez and Lewis|Austria|19.7|True
Kennedy, Ford and Nguyen|Brazil|42.5|True
Gray-Olson|Bulgaria|80.0|False
Robinson-Baldwin|New Zealand|34.1|False
Cooke PLC|Portugal|74.9|False
Morrison LLC|Croatia|48.1|False
Phillips LLC|New Zealand|98.8|True
Chan Inc|Chile|82.3|True
Dunn, Smith and Welch|Hungary|34.6|True
Coffey Group|China|90.9|False
French Inc|France|74.7|False
Vargas Inc|China|11.9|False
Stone and Sons|France|83.4|False
Snyder-Patterson|Italy|19.3|True
Taylor Inc|Hungary|83.8|False
Martinez-Collier|New Zealand|57.4|False
Montgomery Inc|Germany|45.6|True
Noble LLC|Russia|63.3|True
Elliott-Chung|Russia|41.7|False
Salazar, Brock and Frazier|USA|23.8|False
Hudson, Ramos and Wright|Greece|6.0|True
Mcmillan Group|Spain|30.4|True
Jackson-Haas|Germany|11.4|True
Kim, Yates and Keller|Austria|7.07|False
Lopez-Morrow|Spain|59.7|True
Nichols and Sons|Moldova|10.3|True
Donaldson-Brown|Austria|45.9|False
Fowler Ltd|Hungary|9.93|False
Fischer-Johnson|USA|18.8|True
Carroll-Merritt|Chile|14.9|True
Jones, Brown and Floyd|Portugal|1.98|True
Moore, Cameron and Drake|Argentina|12.6|False
Rivers-Finley|Germany|51.6|True
Sanders PLC|Romania|30.1|False
Lee-Kim|Germany|36.2|True
Callahan and Sons|Italy|80.8|False
Perry and Sons|Chile|66.0|False
Keith and Sons|Italy|98.2|False
Bailey-Collins|China|11.3|True
Dominguez, Smith and West|Germany|64.0|True
Johnson, Kennedy and Richards|Argentina|75.2|False
Thomas, Holloway and Medina|Austria|18.1|True
Pierce PLC|Germany|42.5|False
Fernandez, Spencer and Riggs|Russia|75.0|False
Davis Inc|Russia|90.8|False
Gibson, Adams and Morrow|New Zealand|22.4|True
Hensley LLC|Portugal|95.8|True
Smith, Gilbert and Johnson|Russia|90.1|True
Phillips and Sons|Germany|62.0|False
Simon Group|South Africa|61.1|True
Morris-Blankenship|Argentina|83.2|True
Crawford-House|Moldova|6.79|True
Kim-Paul|USA|88.9|True
Carter-Clay|France|41.8|True
Mayer, Watson and Mcgee|Hungary|92.6|True
Byrd-Jones|Chile|20.0|False
Torres and Sons|Brazil|27.8|True
Freeman, Newman and Smith|Brazil|57.9|False
Swanson PLC|Austria|43.0|False
Freeman and Sons|Austria|5.95|True
Fox-Dougherty|Croatia|99.5|False
Hubbard-Ward|Austria|18.7|True
Knight PLC|Italy|63.1|False
Levy and Sons|Germany|3.24|False
Wheeler LLC|France|51.8|False
Tucker-Chen|Russia|53.9|True
Green Group|Chile|74.1|True
Anderson-Moreno|South Africa|29.0|True
Chavez Inc|France|19.5|False
Butler LLC|Germany|34.1|True
Holt Inc|China|21.3|False
Alvarado Ltd|Spain|17.9|False
Estrada-Scott|Argentina|1.25|False
Contreras PLC|Moldova|55.1|False
Coleman, Mcdaniel and Davis|South Africa|66.7|True
Bennett, Ellis and Collins|Hungary|11.9|True
Rowland Ltd|Portugal|64.9|False
Lewis Group|Croatia|89.7|True
Anderson Group|Croatia|73.0|True
Herrera LLC|Moldova|46.7|True
Gibbs, Obrien and Martin|Spain|52.7|True
Murray, Griffin and Cook|Australia|31.5|True
Hatfield, Craig and Cooke|Austria|12.5|False
Phillips, Alvarez and King|China|68.9|True
Garrett PLC|Italy|17.6|True
Nguyen-Chen|Italy|12.6|True
Adams, Alexander and Hernandez|Germany|71.4|False
Martin-Lindsey|USA|51.8|False
Chapman, Cohen and Diaz|Romania|63.6|False
Banks, Collins and Allen|Chile|33.2|True
Brown-Peck|China|73.8|False
Anthony-Duncan|Bulgaria|30.1|False
Martinez-Adkins|China|77.9|False
Nelson, Alexander and Russo|China|16.7|False
Marquez LLC|South Africa|17.9|False
Butler, Howe and Norton|China|96.2|True
Bennett and Sons|Bulgaria|43.9|True
Skinner, Thomas and Sellers|Russia|8.59|False
Vaughn, Smith and Moore|New Zealand|34.5|False
Brown, Stewart and Rose|Romania|56.5|True
Villa Ltd|France|85.1|False
Berry-Martin|Italy|59.7|True
Davis-Hatfield|Romania|4.68|False
Bass, Cobb and Brown|Croatia|59.4|False
Johns Group|France|81.1|False
Smith-Horton|France|18.9|True
Weiss Ltd|New Zealand|43.7|False
Jimenez-Mclean|Hungary|33.4|False
Burke, Harris and White|Hungary|44.8|False
Fuller-Johnson|Moldova|74.3|False
Perez-Kaiser|USA|32.8|True
Blankenship-Hayes|Greece|9.98|False
Edwards, Lee and Adams|Austria|27.2|True
Fisher, Santiago and Morris|Moldova|7.56|False
Moore, Thompson and Knight|Italy|62.2|True
Lloyd, Collins and Wiley|Austria|58.0|True
Bradford Ltd|Chile|72.9|True
Anderson, Oliver and Rivera|Argentina|67.2|True
Fisher Group|Australia|50.6|True
Newman, Welch and Boyle|Spain|16.7|True
Harrison LLC|Australia|77.7|True
Conley PLC|Greece|70.0|True
Cruz-Hopkins|Italy|54.8|False
Hunter Inc|Austria|73.4|True
Shaffer, Hill and Madden|Romania|51.9|False
Jones Inc|Argentina|27.2|True
Cooper, Pruitt and Salinas|Greece|62.6|True
Adams, Mendoza and Fuentes|Bulgaria|31.6|False
Beasley, Martin and Moore|Croatia|5.72|True
Fuller Inc|USA|78.0|True
Fisher-Haynes|Italy|48.3|True
Reynolds LLC|Spain|48.4|False
Wilcox, Santana and Rivers|Greece|57.4|False
Hall Group|China|39.2|False
Weaver-Kim|Germany|62.3|True
Lucas, Harris and Banks|Germany|86.0|True
Watson, Clark and Johnson|Spain|32.9|True
Wood Inc|Greece|60.2|False
Dougherty PLC|USA|66.8|False
Nichols, Gomez and Shah|Spain|53.1|False
Simpson PLC|South Africa|30.6|False
Whitney, Mcbride and Anderson|Hungary|19.0|True
Miller-Frederick|Chile|95.6|False
Shaw, Howell and Anderson|Chile|69.9|False
Russo PLC|Bulgaria|65.1|True
Watkins, Roy and Lopez|Australia|63.3|False
Dunlap-Stafford|USA|31.0|True
Gomez-Reed|Spain|77.2|True
Sandoval-Myers|Germany|62.5|True
Cherry-Haas|Bulgaria|66.8|False
Jensen-Calderon|Romania|8.02|False
Mccoy PLC|Moldova|54.1|True
Henderson LLC|Spain|63.3|False
Rivers-Collins|Australia|37.6|True
Watson, Oliver and Blanchard|South Africa|38.3|False
Green-Perez|Chile|33.2|True
Lamb, Finley and Taylor|Australia|90.4|False
Lopez and Sons|France|47.5|True
Roach, Perry and Keller|South Africa|98.7|True
Young-Carroll|New Zealand|21.7|False
Cooper-Jennings|New Zealand|79.4|False
Romero-Robles|South Africa|94.9|True
Cook-Garcia|Hungary|25.2|False
Boyd LLC|China|46.5|False
Brown LLC|Russia|95.2|True
Pearson and Sons|Romania|98.7|True
Bass-Joyce|Portugal|8.41|True
Jones Group|Hungary|65.6|True
Potter, Burnett and Diaz|China|1.03|False
Murphy, Trevino and Bryant|Brazil|8.69|True
Macias, Wilkinson and Allen|Brazil|81.7|False
James and Sons|South Africa|55.6|False
Olson-Richardson|China|51.8|True
Kirby PLC|France|99.8|False
Wall-Lowery|Germany|97.6|False
Rodriguez, Allen and Johnson|Australia|45.6|False
Walters Ltd|Brazil|20.9|True
Jenkins, Everett and Moreno|Germany|31.6|False
Davis, Davis and Turner|Chile|11.9|False
Potter, Nguyen and Lee|Russia|19.4|False
Miles-Mcdaniel|Hungary|79.3|True
York LLC|Spain|16.4|True
Johnson-Robbins|Romania|33.9|True
Marshall-Jordan|Bulgaria|15.3|True
Walker, Mclaughlin and Briggs|Greece|28.9|True
Torres-Johnson|China|6.15|True
Jenkins, Tucker and Vasquez|Moldova|52.8|True
Nelson-Reeves|Romania|35.9|False
Mendoza, Tucker and Brown|Greece|14.1|True
Robertson, Welch and Jones|South Africa|30.9|True
Thompson, Ortiz and Butler|Greece|14.0|True
Holmes, West and Gillespie|Russia|9.71|False
Perez LLC|Russia|19.9|False
Johnston Group|Austria|30.4|False
Kennedy-Cook|USA|23.9|True
Dixon PLC|New Zealand|46.9|False
Clayton, Mendez and Hahn|South Africa|30.8|True
Villarreal, Figueroa and Mcpherson|Italy|57.3|True
Cruz, Chapman and Owens|Russia|75.2|False
Soto, Thomas and Miller|Italy|35.1|True
Scott LLC|Bulgaria|46.8|True
Gates-Gomez|Australia|3.9|True
Phillips, Turner and Moore|China|68.8|False
Butler, Bates and Mccann|USA|62.1|True
Robinson, Burns and Alexander|Greece|92.8|True
James Group|France|38.9|False
Flores-Fox|Romania|9.03|True
Rodriguez, Ramirez and Harrison|Romania|62.3|True
Tate, Taylor and Ferguson|Brazil|45.9|True
Patrick-Hammond|New Zealand|21.7|False
Davis, Richardson and Barton|Argentina|96.6|True
Jones, Allen and Baker|Germany|43.0|False
Mcintosh, Anderson and Nguyen|Austria|80.2|True
Nielsen Group|Argentina|8.06|False
Allen-King|Romania|95.3|True
Ryan Inc|Germany|65.2|True
Sanchez, Johnson and Austin|Argentina|95.6|True
Lee, Perry and Williams|China|61.1|False
Montgomery, Rose and Ramirez|Russia|39.4|False
Sanchez LLC|Russia|5.13|False
Morrow and Sons|Portugal|59.3|False
Hernandez-Sherman|Argentina|15.3|True
Chandler-Nelson|Spain|73.5|False
Blair, Mendez and Gonzalez|South Africa|16.8|True
Castaneda, Harris and King|Romania|65.4|True
Castro-Lewis|Spain|58.5|True
Jenkins-Brown|Greece|85.7|True
Booker Inc|Brazil|67.2|True
Gordon, Doyle and Johnson|Romania|18.2|True
Bailey, Holloway and Crane|Greece|90.7|False
Collins-Richardson|Romania|14.0|False
Williams and Sons|Greece|38.8|True
Becker, Edwards and Morris|Bulgaria|63.3|False
Glover LLC|Hungary|25.5|True
Brooks-Joseph|Austria|17.1|True
Nelson-Castillo|Spain|45.4|False
Poole-Walls|Russia|43.2|True
Potts Group|Greece|33.3|False
White, Tyler and Hurst|Austria|94.9|False
Owens-Foster|New Zealand|38.5|True
Walsh-Gilmore|Spain|62.0|False
Dunn, Lewis and Ali|Hungary|32.3|False
Wilson LLC|Russia|38.6|False
Cook-Smith|Croatia|55.4|True
Williams Inc|Russia|2.12|False
Cunningham-Sherman|New Zealand|74.8|True
Garcia, Holt and King|Argentina|30.2|True
Clarke-Ortiz|USA|81.0|True
Alexander Group|USA|56.0|False
Warner-Phillips|Hungary|87.2|False
Jordan-Clay|Germany|69.4|False
Conrad and Sons|Moldova|71.2|False
Lee Inc|Spain|18.5|True
Floyd Group|Croatia|41.2|True
Smith-Williams|Hungary|35.9|True
Cortez-Alvarez|Bulgaria|95.8|True
Johnson Inc|New Zealand|43.7|True
Henry PLC|New Zealand|80.5|False
Smith-Mcclure|China|26.3|False
Murray-Howard|Germany|22.0|True
Rodgers Inc|Moldova|14.6|True
Greene Inc|Russia|24.9|False
Murillo, Andrews and Roberts|France|49.5|False
Hood and Sons|Bulgaria|47.9|True
Terry, Chapman and Townsend|Brazil|2.87|False
Smith-Scott|Germany|88.3|True
Williams, Harvey and Poole|Argentina|69.9|False
Martin Inc|Russia|72.4|True
Murray, Odonnell and Williams|Russia|19.0|False
English, Kirk and Ali|Greece|1.15|True
Jones, Brock and Lewis|Spain|48.9|False
Nguyen-Washington|Bulgaria|3.0|False
Tucker-Taylor|USA|83.9|False
Chase Inc|Spain|35.9|False
Hubbard, Doyle and Smith|Portugal|16.8|False
Dunn Group|Moldova|10.0|True
Vance, Hoffman and Flowers|Hungary|46.1|False
Proctor, Perez and Chapman|South Africa|88.7|True
Berg-Taylor|Chile|32.6|False
Cole, Wilson and Glover|Brazil|28.2|True
Hunt, Brown and Jones|China|4.41|False
Scott, Mcbride and Bryant|Russia|90.5|True
Young Group|Bulgaria|84.6|False
Miller-Smith|USA|69.2|False
West-Miranda|New Zealand|41.9|False
Weaver-Andrews|Bulgaria|53.0|True
Robinson PLC|Spain|67.7|True
Christensen, Powell and Fox|New Zealand|40.4|False
Whitaker, Nguyen and Rowland|Italy|22.7|False
Burton Inc|Brazil|14.3|False
Tate, Chambers and Adams|Croatia|22.5|True
Rivera-Tran|South Africa|73.6|False
Schmidt-Thornton|Romania|33.3|False
Campbell, Wolf and Gregory|Portugal|43.1|False
Davis-Campbell|Chile|41.1|True
Carey, Jones and Simpson|Bulgaria|27.3|False
Ruiz LLC|Argentina|29.8|False
Suarez, Miller and Yang|Portugal|96.3|False
Weaver PLC|Australia|2.64|False
Cook-Dixon|South Africa|63.0|True
Warren-Drake|China|4.75|False
Vargas, Bowers and Salazar|Italy|27.4|False
Taylor, Williamson and Mayo|Moldova|86.7|False
Cruz-Davis|Russia|80.0|False
Kelly-Holt|China|52.5|True
Moss-Clark|Hungary|1.81|False
Santos-Smith|South Africa|62.8|True
Contreras, Duarte and Thompson|Brazil|93.6|False
Green-Rodriguez|South Africa|49.7|True
Grimes LLC|Italy|77.3|False
Martinez, Clements and King|Croatia|2.7|True
Garrett-Vincent|Russia|10.2|False
Pena-Wagner|Russia|61.2|True
Wright, Gonzalez and Short|Australia|27.5|False
Nunez-Brown|China|86.3|False
Roy LLC|Romania|37.1|True
Martin, Frye and Montoya|New Zealand|14.4|True
Jones, Best and Berg|USA|37.0|True
Hill-Perry|South Africa|57.1|True
Robbins, Rodriguez and Vazquez|USA|74.2|False
Campos Ltd|Romania|8.03|True
Wolfe Group|Greece|41.0|True
Bullock, Fields and Green|Chile|28.1|False
Duncan-Evans|Brazil|68.4|True
Vazquez Ltd|Italy|61.7|False
Montgomery, Blevins and Newton|Greece|92.0|True
Garrett, Sherman and Chang|Austria|11.5|True
Cook, Medina and Stephens|Croatia|45.8|False
Butler, Green and Smith|Brazil|81.2|False
Clark-Crane|Russia|27.5|True
Conrad-Bishop|Russia|60.0|False
Weaver, Hall and Nunez|Brazil|63.5|True
Young-Conner|Romania|75.1|True
Reynolds, Baxter and Mahoney|Brazil|13.5|False
Wallace-Matthews|South Africa|67.2|False
Henry, Johnson and Morales|France|37.8|True
Moses-Patterson|New Zealand|29.5|False
Sims Group|Spain|19.8|False
Barnes, Evans and Marshall|South Africa|54.2|False
Ellis Ltd|France|85.7|True
Mendez Group|Chile|59.3|False
Chavez-Taylor|China|86.2|False
Bird Group|USA|62.3|True
Forbes-Pearson|Argentina|52.0|False
Miller-Good|Croatia|40.5|True
Morales-Gutierrez|Hungary|20.0|True
Payne, Davis and Parker|Croatia|29.1|False
Guzman, Robinson and Harrell|Romania|51.6|True
Mitchell, Lynch and Clark|Italy|21.4|True
Strickland-Freeman|Hungary|12.7|True
Miranda, Payne and Hardy|Russia|41.4|False
Lopez, Cook and Deleon|China|96.8|False
Gonzales, Warren and Haley|Australia|81.4|False
Soto-Conner|Hungary|78.9|False
Campbell, Thompson and Mitchell|Bulgaria|25.3|True
Conner, Hall and Kirby|Argentina|91.2|False
Burgess-Smith|Italy|36.8|True
Lopez-Gutierrez|South Africa|48.9|False
Jefferson, Ryan and Morton|Brazil|99.4|False
Griffin, Ponce and Richardson|Spain|27.9|False
Murray, Le and Cruz|Bulgaria|7.72|False
Campbell, Carpenter and Gordon|Hungary|64.6|False
Williams, Paul and Ferguson|Italy|42.9|True
Spears Inc|Moldova|42.1|True
Smith, Carlson and Jensen|Romania|5.08|False
Stewart Ltd|France|10.2|True
Hines-Bauer|Hungary|88.2|False
Hinton Ltd|New Zealand|2.84|False
Jones-Mcpherson|Italy|72.6|False
Garcia-Petersen|Austria|66.3|True
Wright-Davila|New Zealand|57.2|False
Andrade Inc|Argentina|92.7|True
Hanna Inc|Portugal|13.2|False
Patel, Kelly and Roberts|Greece|35.6|True
Stout LLC|Russia|44.9|False
Gilmore Inc|Romania|60.0|True
Clark, Davis and Hooper|Brazil|25.9|False
Martin-Flores|Austria|71.9|True
Bailey, Jones and Fox|Spain|8.42|True
Thompson, Palmer and Anderson|Moldova|47.8|False
Jones, Moore and Harper|Greece|74.7|False
Montgomery and Sons|Spain|45.1|True
Perkins-Atkins|Russia|86.5|True
Carroll LLC|Italy|19.6|False
Hanna-Goodman|Italy|89.2|True
Wilson, Williams and Ferguson|Germany|72.8|False
Murray-Rodgers|Romania|9.52|True
Mills, Montgomery and Roman|New Zealand|17.0|True
Black-Parker|Italy|90.9|False
Allen, Lopez and Patterson|South Africa|31.3|True
Mitchell, Cunningham and Moore|New Zealand|76.8|True
Collins-Smith|Russia|99.7|False
Wilson-Stevenson|South Africa|24.1|True
Barber PLC|Bulgaria|40.2|True
Patel-Hill|Germany|88.0|False
Miller, Decker and Leonard|Romania|54.1|True
Fleming PLC|New Zealand|66.3|True
Sims PLC|Italy|9.21|False
Adams, Wells and Rose|Bulgaria|27.5|True
Griffin-Baker|Italy|74.9|True
Cunningham, Peterson and Roberts|Germany|51.6|False
Ramirez, Harrison and Smith|Moldova|69.0|True
Browning Inc|USA|28.2|False
Carson-Rose|USA|44.0|True
Mcdaniel-Miller|China|38.8|True
Williams Group|Germany|68.2|False
Moore, Klein and Walker|Argentina|61.6|True
Gilbert LLC|Italy|47.6|True
Miller, Gould and James|New Zealand|75.4|False
Valencia-Hale|Chile|28.7|False
Peck Group|Spain|64.2|True
Kent Inc|Argentina|86.2|True
Smith PLC|Brazil|70.8|False
Dunn-Copeland|Italy|36.4|False
Rogers PLC|Moldova|65.0|True
Lam, Hunter and Mcmahon|Bulgaria|85.0|True
Murphy-Ramirez|Italy|86.7|True
Williams-Mendoza|Chile|76.0|True
Turner, Palmer and Stewart|Russia|49.4|True
Marshall Group|Austria|74.5|False
Kramer, Navarro and Nixon|Bulgaria|87.5|True
Ross and Sons|China|91.3|False
Lyons-Jones|Greece|98.6|False
Solomon-Shaw|Hungary|45.6|True
Roberts, Rice and Green|Argentina|41.8|True
Mason LLC|Australia|76.6|True
Larson, Powers and Huber|Portugal|15.2|True
Crosby, Deleon and Fritz|USA|68.1|False
Cohen, Thornton and Munoz|Portugal|89.9|True
Kramer-Jackson|Italy|65.5|False
Brown-Mccullough|China|15.5|True
Robinson, Stanley and Calhoun|Austria|72.7|True
Rice Inc|Greece|58.3|False
Bolton, Lewis and Johnson|New Zealand|93.0|False
Berry and Sons|Russia|95.3|False
Morales-White|Spain|91.2|False
Richardson-Ochoa|Germany|50.1|False
Wallace, Johnson and Donovan|Germany|83.5|False
Berry, Bauer and Rowland|Austria|42.4|False
Collins-Good|Italy|86.5|False
Hernandez-Rice|Greece|83.7|True
Munoz-Roberson|France|83.1|True
Peters, Jones and Ford|Hungary|85.8|False
Simpson LLC|Italy|67.8|True
Garcia-Holmes|Greece|9.15|False
Davis Ltd|Moldova|81.8|True
Wise and Sons|Greece|68.1|False
Todd, Miller and Parrish|Chile|12.4|False
Lin, Tapia and White|Brazil|59.9|False
Young, Evans and Anderson|Spain|89.0|False
Chapman-Phillips|Australia|31.0|False
Davis, Burton and Ramos|China|2.94|True
Chaney LLC|China|6.55|False
Ward Inc|Greece|14.9|False
Ramirez PLC|France|6.81|True
Downs and Sons|Hungary|57.2|False
Nguyen, Stanley and Palmer|Chile|9.51|False
Caldwell, White and Potter|Moldova|34.8|True
Sweeney, Schwartz and Robinson|France|77.9|False
Powell, Marshall and Chambers|Argentina|61.6|True
Torres, Gonzalez and Coleman|Germany|76.0|True
Baldwin Group|Spain|31.6|True
Lin Group|Portugal|77.4|False
Stout, Dawson and Cabrera|Chile|30.2|True
Herrera, Lee and Johnson|Italy|34.8|False
Jackson PLC|Australia|69.3|True
Jenkins-Frazier|Austria|82.0|True
Edwards, Harris and Mckay|Hungary|85.8|False
Anderson-Coleman|Chile|97.6|False
Vargas, Hall and Jackson|Russia|3.3|False
Ibarra-Mckinney|Moldova|73.5|False
Johnson-Irwin|New Zealand|9.11|True
King LLC|Romania|90.3|True
Collins Ltd|Germany|90.9|False
Strickland-Jackson|Chile|90.3|False
Mcpherson-Hobbs|Hungary|31.7|True
Hernandez-Sutton|Moldova|26.4|True
Pearson Ltd|Portugal|23.7|False
Edwards Group|Argentina|25.5|True
Thomas-Glass|Australia|39.1|False
Holden, Hansen and Massey|Italy|65.3|False
Barrera, Murray and Lee|Australia|64.2|False
Harrison-Lambert|France|71.4|True
Vega-Hayes|Hungary|50.8|True
Mack-Sutton|New Zealand|49.4|True
Wagner, Norton and Zhang|Australia|9.77|True
Leblanc LLC|Italy|73.6|False
Simpson-Carter|Austria|5.92|True
Holden Inc|Chile|8.36|False
Hood, Smith and Holmes|Italy|27.2|False
Jimenez, Mitchell and Pope|South Africa|82.5|False
Case, Smith and Hernandez|Austria|14.0|True
Hall, Floyd and Delgado|South Africa|30.9|False
Stanley-Mann|Argentina|98.2|False
Rogers-Mack|Austria|92.9|True
Ramirez-Diaz|Hungary|58.7|False
Johnson-Wells|South Africa|32.0|True
Yu-Nicholson|Austria|21.3|False
Gibbs PLC|Russia|83.9|False
Brown-Turner|USA|5.28|True
Walsh Group|Russia|45.5|True
West and Sons|Greece|43.4|False
Fuentes, Copeland and Bright|Russia|6.27|True
Andrews-Wilkerson|Brazil|32.3|True
Ruiz-Rodriguez|China|36.1|False
Hobbs-Carter|Austria|76.4|True
Carter, Green and Callahan|Argentina|32.2|True
Jones, Thomas and Harrell|Bulgaria|48.3|False
Carroll-Barnes|Romania|35.9|True
Gomez-Mcdonald|Germany|18.2|True
Gonzalez, Suarez and Martin|Portugal|33.5|False
Barnes-Robinson|Portugal|82.6|False
Browning-Torres|Russia|27.9|True
Rodriguez, Knapp and Hale|France|26.1|True
Beltran, Richmond and Rodriguez|Spain|73.4|True
Price PLC|New Zealand|62.7|False
Rowe Ltd|Spain|26.5|False
Anderson, King and Ingram|Spain|54.1|True
Green-Wells|Germany|83.1|False
Rogers-Reyes|USA|59.4|True
White LLC|Argentina|45.0|False
Lawrence PLC|USA|66.8|True
Duran, Roy and Hopkins|Hungary|99.7|True
Walker-Allison|New Zealand|75.1|False
Martin, Bray and Sherman|Russia|85.4|True
Serrano-Nelson|USA|30.5|True
Hunter, Howard and Monroe|Spain|78.7|False
Galloway-Chaney|New Zealand|24.3|False
Brock, Dudley and Mills|China|10.3|True
Chavez Group|Greece|74.2|False
Diaz Ltd|Bulgaria|34.3|False
Levine-Hale|Greece|70.0|True
Raymond, Fisher and Wallace|Russia|18.7|False
Elliott-Benson|France|91.7|False
Blair Inc|South Africa|60.3|False
Ross Group|Italy|39.5|True
Ray, Hodge and White|Italy|17.7|False
Curry, Irwin and Smith|France|87.8|False
Green, Stewart and Ayers|Argentina|64.6|False
Smith, Moreno and Jones|Greece|21.2|True
Johnson-Steele|Romania|87.3|True
Gonzalez-Meza|Austria|28.2|True
Robinson-Ingram|Hungary|68.3|False
Benson-Mann|New Zealand|80.5|False
Lang, Rogers and Morris|Australia|57.2|True
Arnold-Reed|Portugal|50.2|True
Mckinney-Clark|Germany|58.2|False
Peters, Mckinney and Gonzalez|Chile|30.2|False
Brady, Peters and Sullivan|Germany|42.2|True
Ward and Sons|Moldova|26.2|True
Hudson LLC|Austria|6.49|True
Brown, Davidson and Owens|South Africa|39.3|False
David, Wagner and Maldonado|New Zealand|81.4|False
Anderson LLC|New Zealand|7.59|True
Butler PLC|Argentina|37.2|True
Yu LLC|Brazil|56.9|False
Burke LLC|Hungary|28.8|False
Horn Group|Bulgaria|31.7|False
Green, Obrien and Williams|Chile|15.9|False
Berry-Mcdaniel|Australia|53.5|True
Russell-Johnson|Greece|41.9|True
Shaw-Hall|Chile|27.5|False
Graves, Smith and Estes|Italy|78.1|True
Vincent-Guerrero|Chile|92.9|True
Leonard-Jones|Austria|37.1|False
Landry, Fuller and Singh|Greece|67.1|True
Alexander Ltd|Germany|51.9|False
Larson, Alexander and Harris|Greece|95.3|True
Leonard Group|USA|10.4|True
Carlson, Love and Castro|Portugal|62.1|False
Lee, Hammond and Beard|New Zealand|84.2|False
Mclaughlin-Fox|South Africa|6.54|False
White, Yoder and Flores|Greece|41.3|True
Walker-Clarke|Argentina|62.3|False
Murray PLC|China|95.0|False
Stewart-Allison|New Zealand|49.6|True
Gray Ltd|France|38.7|True
Moss Ltd|Croatia|58.7|True
Carpenter-Peters|Spain|29.1|True
Cross, Tran and Smith|Russia|63.7|True
Santiago Ltd|Brazil|56.5|True
Rojas, Rowe and Alvarez|Italy|71.6|True
Johnson and Sons|Hungary|11.4|False
Reyes-Willis|France|25.6|False
Morris-White|Spain|7.8|False
Perez Inc|Chile|3.31|False
Ray-Mullins|Spain|77.3|True
Lucas Group|Germany|40.6|False
Reyes, Walls and Walsh|Italy|41.3|False
Mitchell and Sons|Germany|98.5|True
Hamilton LLC|New Zealand|87.4|False
Bell Inc|Germany|42.7|True
Scott-Lee|Bulgaria|32.5|True
Rogers and Sons|Chile|15.8|True
Hayes, Pacheco and Scott|Russia|99.9|False
Rodriguez Inc|Italy|10.8|True
Rodriguez, Morris and Pollard|China|64.3|True
Fitzgerald, Butler and Anderson|Spain|35.7|False
Salinas, Ross and Jones|Greece|81.1|False
Reid, Ramirez and Barber|China|16.7|False
Bates Ltd|Russia|4.5|False
Burton, Galloway and Burke|Romania|24.2|False
Houston, Velez and Contreras|Bulgaria|33.4|False
Armstrong, Garcia and Davidson|Bulgaria|22.2|True
Christian PLC|Brazil|54.1|True
Singleton, Calhoun and Miller|Argentina|6.98|False
Thompson, Rivera and Avery|New Zealand|37.3|True
Hawkins LLC|Moldova|72.6|False
Wise PLC|South Africa|82.3|False
Martinez-Wright|USA|54.7|False
Burgess PLC|Russia|45.3|False
Burton-Martinez|Moldova|81.6|False
Jones, Galloway and Black|Italy|39.0|False
Miller-Patrick|Bulgaria|21.0|False
Fisher and Sons|Greece|71.9|True
Thomas, Proctor and Nash|Brazil|44.3|True
Frey, Bray and Fry|Spain|86.4|False
Torres-Hall|Croatia|91.2|True
Brown, Harrell and Chapman|Argentina|18.6|False
Sanders-Griffin|Argentina|19.4|False
Lewis, Barton and Arias|South Africa|77.9|True
Daniels-Sparks|Italy|60.8|False
Robertson Ltd|New Zealand|2.18|False
Park, Calhoun and Stevenson|Argentina|74.3|True
Huynh and Sons|Greece|45.2|False
Leon, Wolf and Garcia|Brazil|71.0|True
Robertson, Rose and Hernandez|Portugal|59.1|True
Nguyen, Hood and West|USA|78.5|True
Pacheco, Brandt and Castillo|Australia|95.2|True
Hernandez, Wood and Mathews|Austria|79.2|True
Robertson Group|USA|38.2|False
Hudson, Mckee and Taylor|Austria|58.9|False
Hernandez Inc|Hungary|11.4|False
Salas-Griffin|France|85.7|True
Smith Inc|Austria|97.8|True
Watkins, Andrews and Flores|Germany|76.7|False
Snyder Ltd|New Zealand|35.9|True
Lam-Perry|China|29.5|False
Berry Inc|USA|72.3|True
Baker, Guzman and Moore|Bulgaria|26.3|True
Taylor PLC|USA|2.88|True
Walsh, Huffman and Lynch|Croatia|27.6|True
Watkins-Hayes|Russia|84.9|True
Bright, Hancock and Roberts|Hungary|4.69|True
Fowler-Kane|Austria|17.1|True
Rodriguez LLC|USA|65.0|False
Moore, Garcia and Castaneda|Portugal|52.1|True
Golden and Sons|France|48.5|False
Harris-Martin|Romania|25.0|False
Castillo-Ramos|Russia|16.0|True
Chang, Young and Taylor|USA|19.5|False
Dominguez-Adams|Portugal|9.85|True
Stephens-May|Chile|36.5|False
Hansen Group|Australia|77.2|False
Fuller and Sons|New Zealand|23.8|False
Whitehead, Oconnell and Mccarthy|France|20.8|True
Cook Group|Chile|39.0|False
May LLC|Romania|30.8|False
Johnson-Gomez|Argentina|5.25|False
Frazier and Sons|Germany|58.3|False
Avila-Stephens|Greece|29.2|False
Mcmillan and Sons|Spain|41.5|True
Gonzalez PLC|Romania|1.74|False
Horn-Pierce|Portugal|85.9|False
Jackson-Robinson|USA|3.08|False
Bell-Mckenzie|USA|31.9|True
Garcia PLC|Russia|7.6|True
Schwartz-Lee|Portugal|13.9|True
Stokes, Foster and Brown|Australia|10.6|False
Holmes-Perry|China|9.69|False
Pratt-Simpson|Bulgaria|37.4|False
Smith, Padilla and Miller|Portugal|3.27|True
Cox, Fields and Smith|Germany|84.7|True
Franklin-Gardner|Chile|39.6|False
Morris-Trevino|Romania|80.8|True
Hess, Hall and Blair|New Zealand|93.7|False
Torres, Wheeler and Benson|Portugal|54.3|True
Rowe, Hodge and Morales|Bulgaria|46.7|False
Brown-Hernandez|South Africa|56.4|False
Andrade, Heath and Anderson|USA|95.9|True
Watts, Ware and Dean|Australia|53.7|False
Duncan, Green and Livingston|USA|58.2|False
Melton-Thomas|USA|38.2|False
Jackson, Wright and Nelson|USA|56.2|False
Lewis-Steele|South Africa|82.9|True
Pena and Sons|Bulgaria|83.4|True
Pace Inc|Croatia|41.8|True
Simmons-Pierce|China|5.73|False
Collins-Fitzgerald|Italy|31.2|True
Gentry Inc|Russia|91.9|False
Lee and Sons|Brazil|99.2|False
Gordon, Smith and Nichols|Russia|8.39|False
Harrison, Hill and Myers|China|65.4|False
Church, Pierce and Shelton|China|66.5|True
Humphrey-Rodgers|New Zealand|83.6|False
Brown and Sons|Croatia|38.5|False
Alexander, Lambert and Santana|Portugal|9.22|True
Kennedy Inc|Germany|87.7|False
Munoz LLC|Croatia|54.4|True
Gomez Inc|China|22.6|False
Pittman Inc|Spain|27.7|True
Wilson and Sons|Italy|85.6|False
Marks-James|Italy|22.7|False
Mcdonald-Mack|Croatia|56.6|True
Pena, Maldonado and Key|Germany|74.7|True
Golden-Morales|South Africa|86.6|False
Larson-Huff|Chile|81.6|False
Fitzpatrick PLC|Russia|73.8|True
Hansen, Brown and Herman|Germany|24.8|False
Jones-Hall|Russia|43.1|False
Gillespie, Olson and Todd|Russia|36.8|False
Calderon-Spencer|Spain|94.7|True
Hancock-Johnson|Italy|26.6|False
Harvey-Dunn|Hungary|57.8|True
Payne LLC|Romania|66.3|True
Richards-Hughes|Australia|44.2|False
Price, Rodriguez and Hicks|Greece|6.94|False
Terry, Martinez and Peters|Chile|90.4|True
Brown, Baker and Castro|Russia|14.0|False
Mcbride Inc|South Africa|36.2|False
Hunter, Thomas and Adams|Germany|58.5|True
Evans LLC|New Zealand|29.4|True
Lowe-Becker|Bulgaria|40.4|False
Baker-Sanders|Chile|3.22|True
Tran LLC|Australia|13.2|False
Johnson Group|Austria|77.6|False
Wilson-Oneill|Australia|99.8|True
Frazier Group|Bulgaria|75.1|False
Brady-Huang|Australia|91.6|True
Beck, Osborne and Jones|Moldova|36.7|False
Wolf, Vega and King|Chile|53.6|True
Phillips Ltd|Italy|13.6|True
Francis-Lawrence|Argentina|35.8|True
Levine, Curtis and Brown|Bulgaria|8.93|True
Welch, Hughes and Smith|Austria|82.7|False
Hernandez-Arroyo|Russia|19.2|False
Ward, Klein and Chavez|Portugal|83.6|False
Little, Armstrong and Shelton|Hungary|2.7|False
Hampton, Burns and Jones|Germany|84.9|True
Wyatt Group|New Zealand|79.6|False
Jones, Roy and Johnson|Croatia|2.53|True
Graham-Carter|Argentina|58.5|True
Pierce-Green|Austria|65.8|False
Kane and Sons|Argentina|73.4|True
Jacobs, Sandoval and Payne|Romania|27.2|False
Mccullough, Holloway and Salas|Brazil|84.0|True
Friedman Ltd|Italy|52.8|False
Townsend Ltd|Spain|61.1|False
Todd and Sons|Italy|62.3|False
Perez PLC|South Africa|53.7|False
Hopkins-Scott|Bulgaria|17.5|False
Jimenez Group|Russia|38.3|True
Raymond, Smith and Martinez|Germany|21.2|True
Moreno-Vazquez|Hungary|42.6|False
Kelley, Nicholson and Peterson|Portugal|85.6|False
Higgins, Obrien and Rios|Russia|55.8|True
Smith-Spencer|Romania|30.3|False
Campbell-Abbott|Australia|90.6|False
Rogers-Floyd|Chile|78.5|False
Gonzalez and Sons|Greece|33.5|True
Maldonado, Cruz and Chavez|Russia|47.1|False
Richardson-Randall|Russia|69.3|False
Odom-Martinez|USA|57.5|False
Wilson, Hill and Chaney|Australia|13.0|False
Williams LLC|Portugal|42.2|False
Tran PLC|Croatia|13.9|False
Ramos-Hunter|Germany|73.6|False
Ferguson and Sons|Croatia|84.5|False
Juarez-Bowers|France|99.4|False
Garcia, Scott and Hernandez|Chile|38.4|True
Shelton, Johns and Wallace|Russia|50.7|False
Jordan and Sons|Croatia|73.9|True
Miller, Lee and Wilson|Russia|69.4|False
Terry-Johnson|Russia|48.3|False
Brown-George|Croatia|82.1|False
Reid Ltd|Australia|81.4|False
Perez-Fernandez|USA|25.9|False
Walsh-Harris|France|70.5|True
Smith, Long and Fowler|Hungary|61.9|True
Ramos-Foster|Bulgaria|73.8|True
Christian Inc|Chile|76.8|False
Mitchell, Sherman and Medina|Croatia|10.5|False
Nguyen-Raymond|New Zealand|84.5|False
Hall LLC|France|77.8|False
Parker, Schmitt and Glover|Hungary|19.9|True
Thompson-Williams|Russia|6.11|True
Park-Long|Spain|19.1|False
Singh, Harris and Garcia|Spain|96.5|True
Frank, Jackson and Griffith|Moldova|20.6|True
Esparza, Archer and Reyes|Italy|11.1|False
Miller, Banks and Wong|Chile|76.0|False
Smith, Brown and Reed|Portugal|56.9|True
Cooke and Sons|Australia|19.0|True
Cook Ltd|Greece|33.7|False
Smith, Kelly and Barker|Croatia|96.6|False
Young, Brown and Haynes|Moldova|81.0|False
Brown, Arellano and Robinson|Australia|22.3|True
Mckinney-Perez|Germany|84.5|False
Wade-Moore|USA|15.7|False
Hudson, Washington and Murray|Romania|95.1|True
George-Le|Argentina|37.1|True
Bowen, Foster and Odom|China|54.9|False
Morrow, Garcia and Morton|Austria|94.0|True
Ortega Inc|Brazil|97.1|False
Williams PLC|USA|81.9|True
Sanchez-Nelson|Chile|67.1|False
Brown-Park|Romania|87.0|False
Ballard, York and Jenkins|Moldova|59.8|True
Martin, Wallace and Ashley|Brazil|86.1|False
Hughes Group|China|35.5|False
Lee-Mitchell|Moldova|12.6|False
Diaz, Schwartz and Stevenson|Argentina|26.1|True
Harvey PLC|Argentina|66.2|False
Clark-Davis|China|99.5|False
Perry LLC|Brazil|1.64|True
Martinez and Sons|Australia|74.2|True
Taylor, Davila and Carroll|South Africa|70.4|True
Sims LLC|Chile|77.0|False
Potts Ltd|Portugal|21.9|False
Mason and Sons|Spain|16.8|True
Hart, Roberts and Lewis|Romania|48.3|True
King-Ryan|Chile|4.93|False
Moore-Jones|New Zealand|56.7|False
Griffin-Little|Greece|9.75|False
Frey LLC|Croatia|92.0|True
Jones, Mcdonald and Johnston|Italy|82.3|False
Kelley, Woods and Taylor|China|42.6|True
Davis, Costa and Goodwin|Argentina|17.9|False
Cabrera, Chapman and Holloway|Greece|54.9|True
Terrell-Ellis|Australia|33.0|False
Johnston-Parsons|Germany|48.3|True
Roberts LLC|Portugal|36.8|False
Alexander, Gallagher and Henderson|Hungary|32.5|False
Jackson LLC|Spain|48.2|True
Jackson Ltd|Greece|29.1|False
Higgins, Mccarthy and Long|Portugal|20.4|False
May PLC|Chile|66.0|True
Davis-Ponce|Romania|84.2|False
Kerr Inc|Austria|82.6|True
Moore Inc|Argentina|37.6|False
Smith, Williams and Mullins|Hungary|95.8|True
Henry, Smith and Walker|Romania|56.1|False
Maldonado, Smith and Hernandez|USA|35.3|True
Guzman PLC|Russia|16.5|True
Reed-Henderson|Italy|59.7|True
Lowe, Hubbard and Holden|Austria|90.9|False
Rodriguez and Sons|Bulgaria|11.2|False
Hendricks, Garcia and Stephens|France|19.0|False
Gay Group|Chile|82.2|True
Swanson-Lee|Romania|13.3|True
Jenkins and Sons|Moldova|64.4|True
Jacobs, Newman and Hayes|USA|74.3|False
Harding, Adams and Wiley|Chile|89.8|False
Salinas, Archer and Best|Portugal|79.7|True
Davidson, Hurley and Estes|Italy|17.9|False
Smith LLC|South Africa|39.0|False
Meyer PLC|Romania|2.21|True
Wilkinson LLC|China|71.7|False
Wilson-Jones|Brazil|57.4|False
Miller, Fox and Vasquez|New Zealand|30.8|False
Jensen, Thompson and Wong|Portugal|78.0|True
Vasquez Ltd|Brazil|49.9|False
Mckay-Kelly|Romania|35.7|True
Gonzalez-Drake|Greece|49.9|False
Burton, Cox and Thompson|Portugal|34.4|True
Graham Inc|Bulgaria|67.2|False
Suarez-Barnes|Greece|74.4|False
Love, Hart and Davis|Hungary|85.1|False
Green, Mccoy and Morrison|South Africa|51.0|True
Olsen Ltd|France|78.5|True
Erickson Ltd|Bulgaria|65.4|False
Turner, Williams and Thomas|Bulgaria|87.0|True
Flynn Ltd|Germany|41.0|False
Smith-Rowe|Moldova|13.9|False
Powell, Lewis and Harrison|Greece|64.0|True
Harris Ltd|China|46.1|False
Harrison-Long|Argentina|91.3|False
Ramos-Kelly|Hungary|57.1|False
Doyle PLC|Croatia|7.68|False
Huynh, Mclaughlin and Turner|Germany|95.3|True
Myers, Davila and Carter|Spain|11.0|False
Knight, Nelson and Nichols|China|38.5|True
Harvey-Davis|Argentina|11.9|True
Moran LLC|Croatia|85.5|True
Martin and Sons|Italy|72.3|False
Riley-Gray|Moldova|60.3|True
Black Ltd|Australia|3.54|True
Phillips, Schroeder and Barber|Chile|13.0|True
Rhodes Ltd|Bulgaria|6.27|False
Harmon-Davis|Hungary|24.2|False
Clark, Diaz and Nichols|USA|96.7|True
Smith, Gray and Greene|Germany|49.0|False
Mason, Adams and Huffman|Germany|22.7|True
Mills, Murray and Sanchez|Romania|67.4|False
Strickland and Sons|Argentina|13.0|False
Mullins, Clark and Espinoza|Spain|47.7|False
Douglas, Ryan and Cooper|Brazil|35.0|False
Peterson LLC|Croatia|94.2|True
Williams-Henry|Romania|52.0|False
Reed PLC|Chile|67.1|True
Burke-Thomas|Hungary|76.8|False
Hanson, Perkins and Clark|Moldova|79.4|False
Banks, Phillips and Sharp|Romania|10.9|True
Burgess-Martinez|France|9.69|False
Walker, Hernandez and Wilson|Moldova|68.9|True
Miller-Dawson|Greece|44.5|False
Griffin-Walker|Moldova|84.1|True
Cruz, Sanchez and Simmons|Croatia|95.4|True
Golden Group|Australia|18.6|True
Henry-Davis|Bulgaria|5.63|False
Herring, Turner and Mendoza|Germany|43.7|True
Leblanc-Christensen|France|74.9|False
Burnett Ltd|Argentina|57.3|True
Walker LLC|USA|5.85|False
Mendez-Cook|Portugal|95.9|True
Romero-Ramirez|China|48.0|True
Aguirre Ltd|New Zealand|73.6|True
George Ltd|Germany|41.1|False
Patterson, Dunn and Gonzales|Moldova|61.7|False
Sanchez, Wolfe and Griffin|Hungary|99.6|False
Sullivan-Pena|China|96.7|True
Gray Inc|France|21.0|True
Monroe, Andrade and Jones|Italy|18.8|False
Thompson-Snyder|New Zealand|2.68|False
Johnston Ltd|Chile|62.9|True
Castillo-Meyer|Germany|79.5|True
Chapman, Hall and Hall|Argentina|32.6|False
Miller, Jones and Stewart|Spain|7.3|False
